<!--  
这个为菜单列表，注意编辑的格式!例如：
<phone id="手机概览,overview">手机外观</phone>
1、手机概览：一级标题名称
2、overview：这个为assets下的各个模块文件夹的名称，记住这个值一定要与文件夹的名称对应，不然链接会出错
3、手机外观：二级标题名称
4、手机概览与overview之间的逗号为英文状态下的，请注意
5、各个模块文件夹的html文件一定要按照顺序来命名，即XXX_1到XXX_n来命名，中间不能有断续
-->
<phones>
<phone id="手機概覽與快速入門,overview">手機外觀簡介</phone>
<phone id="手機概覽與快速入門,overview">安裝與準備</phone>
<phone id="手機概覽與快速入門,overview">狀態列圖示和通知</phone>
<phone id="手機概覽與快速入門,overview">主畫面簡介</phone>

<phone id="桌面應用程式,desktop">i管家</phone>
<phone id="桌面應用程式,desktop">相機</phone>
<phone id="桌面應用程式,desktop">相簿</phone>
<phone id="桌面應用程式,desktop">計算機</phone>
<phone id="桌面應用程式,desktop">錄音機</phone>
<phone id="桌面應用程式,desktop">鬧鐘時鐘</phone>
<phone id="桌面應用程式,desktop">指南針</phone>
<phone id="桌面應用程式,desktop">vivo.com</phone>
<phone id="桌面應用程式,desktop">Google應用程式</phone>

<phone id="設定,settings">網路與網際網路</phone>
<phone id="設定,settings">藍牙與裝置連線</phone>
<phone id="設定,settings">顯示與亮度</phone>
<phone id="設定,settings">鎖定螢幕與桌布</phone>
<phone id="設定,settings">動態效果</phone>
<phone id="設定,settings">聲音</phone>
<phone id="設定,settings">應用程式與通知</phone>
<phone id="設定,settings">电池</phone>
<phone id="設定,settings">儲存</phone>
<phone id="設定,settings">安全</phone>
<phone id="設定,settings">隱私</phone>
<phone id="設定,settings">定位服務</phone>
<phone id="設定,settings">遊戲魔盒</phone>
<phone id="設定,settings">捷徑與輔助</phone>
<phone id="設定,settings">數位健康與家長監護</phone>
<phone id="設定,settings">Google</phone>
<phone id="設定,settings">帳號</phone>
<phone id="設定,settings">系統</phone>
<phone id="設定,settings">關於手機</phone>
<phone id="設定,settings">開發人員選項</phone>
<phone id="設定,settings">系統升級</phone>
<phone id="設定,settings">雙開應用程式</phone>

<phone id="手機維護與保養,maintain">關於維護與保養</phone>
<phone id="手機維護與保養,maintain">手機及配件</phone>
<phone id="手機維護與保養,maintain">說明</phone>
<phone id="手機維護與保養,maintain">支援的檔案格式</phone>
<phone id="手機維護與保養,maintain">USB連線說明</phone>

<!--
我是跳转配置分割线，以前的内容往上面添加，下面写跳转目录配置。
格式：<skip id="visitmode">設定,访客模式</skip>
visitmode：跳转名称，与说明书开发约定一致即可
設定,访客模式：访客模式的说明书路径
-->
<skip id="usbhelp">手機維護與保養,USB連線說明</skip>
<skip id="usbdebug">設定,開發人員選項</skip>
<skip id="appclone">設定,雙開應用程式</skip>
</phones>
