
<!--  
这个为菜单列表，注意编辑的格式!例如：
<phone id="手机概览,overview">手机外观</phone>
1、手机概览：一级标题名称
2、overview：这个为assets下的各个模块文件夹的名称，记住这个值一定要与文件夹的名称对应，不然链接会出错
3、手机外观：二级标题名称
4、手机概览与overview之间的逗号为英文状态下的，请注意
5、各个模块文件夹的html文件一定要按照顺序来命名，即XXX_1到XXX_n来命名，中间不能有断续
--><phones>
<phone id="Tanishuv va ishni boshlash,overview">Telefonning tashqi koʻrinishi bilan tanishish</phone>
<phone id="Tanishuv va ishni boshlash,overview">Oʻrnatish va tayyorlash</phone>
<phone id="Tanishuv va ishni boshlash,overview">Holat qatori ikonkalari va bildirishnomalar</phone>
<phone id="Tanishuv va ishni boshlash,overview">Bosh ekran bilan tanishtirish</phone>

<phone id="Bosh ekrandagi ilovalar,desktop">i Manager</phone>
<phone id="Bosh ekrandagi ilovalar,desktop">Kamera</phone>
<phone id="Bosh ekrandagi ilovalar,desktop">Albomlar</phone>
<phone id="Bosh ekrandagi ilovalar,desktop">Kalkulyator</phone>
<phone id="Bosh ekrandagi ilovalar,desktop">Diktofon</phone>
<phone id="Bosh ekrandagi ilovalar,desktop">Soat</phone>
<phone id="Bosh ekrandagi ilovalar,desktop">Kompas</phone>
<phone id="Bosh ekrandagi ilovalar,desktop">vivo.com</phone>
<phone id="Bosh ekrandagi ilovalar,desktop">Google ilovalari</phone>

<phone id="Sozlamalar,settings">Tarmoq va Internet</phone>
<phone id="Sozlamalar,settings">Bluetooth va qurilma aloqasi</phone>
<phone id="Sozlamalar,settings">Displey va yorqinlik</phone>
<phone id="Sozlamalar,settings">Ekran qulfi va fon rasmi</phone>
<phone id="Sozlamalar,settings">Dinamik effektlar</phone>
<phone id="Sozlamalar,settings">Tovush balandligi</phone>
<phone id="Sozlamalar,settings">Ilovalar va bildirishnomalar</phone>
<phone id="Sozlamalar,settings">Batareya</phone>
<phone id="Sozlamalar,settings">Xotira</phone>
<phone id="Sozlamalar,settings">Xavfsiz</phone>
<phone id="Sozlamalar,settings">Maxfiylik</phone>
<phone id="Sozlamalar,settings">Joylashuv xizmatlari</phone>
<phone id="Sozlamalar,settings">Ultra oʻyin rejimi</phone>
<phone id="Sozlamalar,settings">Tezkor tugmalar va maxsus imkoniyatlar</phone>
<phone id="Sozlamalar,settings">Raqamli farovonlik va ota-onalar nazorati</phone>
<phone id="Sozlamalar,settings">Google</phone>
<phone id="Sozlamalar,settings">Hisob</phone>
<phone id="Sozlamalar,settings">Tizim</phone>
<phone id="Sozlamalar,settings">Telefon haqida</phone>
<phone id="Sozlamalar,settings">Dasturchi sozlamalari</phone>
<phone id="Sozlamalar,settings">Tizim yangilanishi</phone>
<phone id="Sozlamalar,settings">Ilova nusxasi</phone>

<phone id="Profilaktika va servis,maintain">Profilaktika haqida</phone>
<phone id="Profilaktika va servis,maintain">Telefon va aksessuarlar</phone>
<phone id="Profilaktika va servis,maintain">Yordam</phone>
<phone id="Profilaktika va servis,maintain">Muvofiq fayl formatlari</phone>
<phone id="Profilaktika va servis,maintain">USB orqali ulanish koʻrsatmalari</phone>

<!--
我是跳转配置分割线，以前的内容往上面添加，下面写跳转目录配置。
格式：<skip id="visitmode">设置,访客模式</skip>
visitmode：跳转名称，与说明书开发约定一致即可
设置,访客模式：访客模式的说明书路径
-->
<skip id="usbhelp">Profilaktika va servis,USB orqali ulanish koʻrsatmalari</skip>
<skip id="usbdebug">Sozlamalar,Dasturchi sozlamalari</skip>
<skip id="appclone">Sozlamalar,Ilova nusxasi</skip>
</phones>